{
    "parameter": [
        {
            "src_lng": 82.02014396,
            "src_lat": 21.75587395,
            "dest_lng": 81.98588,
            "dest_lat": 21.7238632
        },
        {
            "src_lng": 82.0055966,
            "src_lat": 21.7242961,
            "dest_lng": 81.98588,
            "dest_lat": 21.7238632
        }
    ]
}